age,income,experience_years,education_level,hours_per_week,customer_type
56,77447.55593094493,39,Master,36.14616672474784,Basic
69,36444.278140132315,20,PhD,44.20452477247559,Basic
46,73070.63744015737,27,High School,31.356089290858193,Standard
32,42499.78743260372,10,Master,38.5907208572238,Basic
60,36117.08092985012,33,Master,43.16540326608632,Basic
25,52197.20146086498,7,PhD,41.89660877063421,Standard
78,56849.13836015029,21,Bachelor,23.945349102809537,Premium
38,88230.59213018857,7,PhD,35.609940491287716,Standard
56,56390.75157737429,14,Master,56.77462930312606,Premium
75,53865.56123698772,16,Master,35.075539256694825,Standard
36,81922.85887803268,22,Bachelor,40.15807544111839,Standard
40,62021.07888423073,23,Bachelor,39.132442494510556,Basic
28,37114.49639664104,18,Bachelor,55.68239758919651,Standard
28,77119.40770616384,4,PhD,52.903681221946705,Standard
41,35207.62461141295,31,Bachelor,48.0753099981881,Premium
70,37015.05443332581,0,Master,30.267576866274663,Basic
53,33029.58601224173,22,Master,43.5918304919208,Premium
57,31275.099434440875,36,High School,45.679417430751315,Premium
41,56663.46589679649,7,PhD,33.01395164403946,Basic
20,44841.95670912913,12,High School,31.29482894152311,Basic
39,20000.0,7,Master,57.0501414720703,Basic
70,44634.73876100974,22,High School,36.99196687783071,Standard
19,39641.75488388732,0,Master,56.149768189111484,Basic
41,67856.5072859771,23,High School,49.97093755494534,Basic
61,38734.82777079274,34,Bachelor,44.07876782375321,Basic
47,100785.15582421786,23,High School,44.525314363594845,Premium
55,77935.87157540486,16,Bachelor,25.99580439669232,Premium
19,42201.79217980444,4,Bachelor,42.067747798344165,Standard
77,72992.46157666165,19,PhD,54.17020412981626,Premium
38,60504.234253818955,20,Bachelor,46.81339503185609,Standard
50,54669.315929604854,39,Bachelor,41.5433668706441,Premium
29,66053.0451121486,30,High School,57.1193719581703,Basic
75,51081.41748520973,35,Master,38.14959277339196,Premium
39,54807.02312154955,10,PhD,33.804443249783155,Standard
78,66467.0503255793,14,Bachelor,41.53831916078257,Premium
61,91049.0548349098,18,PhD,47.66467368111596,Basic
42,55023.89944439348,6,High School,22.82205904191739,Standard
66,40924.06670055688,27,Bachelor,42.848686434904174,Basic
44,20000.0,4,High School,48.1034501553631,Basic
76,89226.06943927275,4,PhD,37.30358374703139,Standard
59,44735.1657485608,29,High School,51.069647663026416,Basic
45,60696.18580162534,31,PhD,46.4118666241107,Basic
77,88118.14473853988,7,High School,61.41383118511077,Premium
33,54552.04641860983,9,PhD,32.49397102418785,Basic
32,46106.594762450404,37,Master,48.30709850496089,Basic
79,78393.45955087489,31,High School,29.826760922025954,Basic
79,59214.74135127838,27,High School,23.84633548723274,Basic
64,61722.11209446801,16,Master,20.0,Standard
79,20000.0,30,Master,45.38324022396927,Premium
68,74118.3041448517,7,High School,41.842479139441025,Basic
61,57511.76135983291,39,Master,35.20948942638246,Basic
72,22568.21240553752,24,Bachelor,22.26495666050387,Standard
69,59701.8822322655,8,PhD,33.09613373861324,Basic
74,20000.0,1,PhD,40.04093007675456,Standard
20,96839.50405025991,14,PhD,47.93169366793098,Premium
54,27962.904000364786,2,Bachelor,39.834642497523745,Premium
68,82235.85531436872,35,Master,42.52060342705278,Basic
24,33740.889037626934,3,Master,36.238676190258644,Basic
38,61204.51421941439,13,High School,57.492242025271544,Basic
26,31757.434867810025,24,Master,29.81750355671772,Standard
56,69942.3044379564,9,High School,33.00761782714872,Basic
35,45293.62516185496,20,Bachelor,35.07641926006487,Basic
21,59355.590924154196,35,PhD,45.42704397976724,Premium
42,50301.28763157989,11,PhD,29.611402102131194,Basic
77,22686.704270326885,26,PhD,41.35718590547999,Premium
31,60082.13719381069,39,Master,41.649101434265575,Basic
67,39935.25028668504,1,High School,33.0564202926662,Premium
75,70906.25586015222,12,High School,43.29979460956857,Basic
26,45282.80383698646,31,Bachelor,29.921861012625687,Premium
43,48464.72181943336,30,Master,28.82925857538254,Standard
70,83658.52928745873,15,Bachelor,40.99605756521441,Premium
19,97632.735890159,31,High School,23.402444145219373,Premium
37,65720.67911424165,31,High School,20.0,Premium
45,44257.198051532294,33,PhD,45.328333007968006,Basic
64,42506.77343287712,10,Master,50.4896994259117,Basic
77,33626.4602936284,9,High School,35.33196881307471,Basic
24,37495.23632892887,14,PhD,33.31929347902229,Standard
61,44527.80512992063,16,Master,50.0553522597456,Standard
78,89285.059339898,39,Bachelor,28.5446178200108,Premium
25,46055.566582929525,17,Master,26.366273752788416,Standard
64,25478.939916037947,8,Master,47.076364237084874,Premium
52,50833.30534250766,24,High School,40.09038186512307,Premium
31,53562.56851522129,39,High School,50.64876739290238,Premium
34,50712.70919700912,13,Master,20.0,Standard
53,65993.82445170415,24,High School,25.99326008881437,Basic
67,51380.11022718067,21,High School,40.14332059844156,Standard
57,65374.54984294658,29,High School,44.176736984837866,Premium
21,34393.1329188457,19,PhD,48.469970876894585,Premium
19,85614.58876290446,20,PhD,41.74817768808778,Standard
79,55049.5957668717,31,Master,41.64655155358569,Premium
23,58004.379408140754,20,High School,36.105984569698016,Premium
71,34309.76212373395,34,PhD,55.90904904904518,Standard
59,59436.53982532792,31,Master,28.96976544529502,Standard
21,63021.30113340608,29,High School,43.59020152555939,Standard
71,26604.6313234982,38,Bachelor,30.121911654119803,Premium
46,20000.0,11,High School,45.3477854580501,Premium
35,55873.32047218931,17,High School,29.629824306122337,Basic
43,40224.60353088935,20,PhD,47.43815698500458,Basic
61,55198.42938271459,12,Master,41.12104946824517,Standard
51,24179.2785820377,20,Master,57.44639173258682,Basic
27,20000.0,7,PhD,37.18980352728414,Premium
79,54133.78926002154,39,High School,44.249661162475455,Basic
53,43004.32478086295,6,Bachelor,32.2034371953929,Premium
31,20000.0,22,High School,37.12106993558705,Standard
48,76861.97636215459,31,High School,41.05749479444353,Standard
65,23846.858636324854,10,Bachelor,24.72780077528626,Premium
32,101466.49904220864,21,PhD,25.82376065815228,Basic
25,37519.66542222843,21,Master,45.99859299835645,Standard
31,58031.21136251997,24,PhD,38.53913178468321,Standard
40,82938.9802077437,21,PhD,34.07073466951978,Basic
77,79588.6785565765,27,High School,32.630138195832444,Basic
74,89722.72812453765,28,Master,33.015112042763064,Premium
79,20000.0,12,Master,41.125507150082285,Basic
57,27282.690049855057,17,PhD,44.4503586411619,Basic
38,54519.9454818806,1,Bachelor,20.0,Basic
33,66794.94875795428,28,PhD,54.12834056769892,Premium
62,49775.45113240724,20,Bachelor,53.41700762941993,Premium
35,20000.0,14,Master,20.0,Standard
64,59931.56317929598,26,PhD,50.859266963227974,Premium
70,46114.97223531931,30,High School,50.552188513310426,Standard
41,45875.22082088267,14,PhD,40.00445494187545,Basic
43,20000.0,22,Master,27.028313781151237,Standard
42,65949.68408956629,23,High School,50.152280916650724,Standard
77,52904.08120570916,12,High School,37.58768933702649,Basic
77,85903.29113277927,21,Bachelor,45.488788438189566,Standard
77,48509.84706937655,36,High School,62.192012719617786,Premium
62,61326.802610380444,32,High School,42.51836750623619,Premium
58,66636.36352210525,2,PhD,30.83115308281438,Premium
46,20000.0,18,Master,36.642690050802784,Premium
32,102333.99893203186,22,Bachelor,32.105546397590125,Standard
62,41384.152241547665,28,PhD,44.33489717448523,Standard
18,59891.332042849695,29,High School,31.939324412501954,Basic
42,62811.64013898303,38,High School,35.27148577650357,Standard
24,33704.31744019405,24,Bachelor,27.155696255924003,Standard
26,86939.60662895205,36,Master,38.679129944808565,Standard
41,55319.105387088646,7,Bachelor,41.767547933020495,Basic
18,45730.547261853324,15,PhD,20.0,Premium
61,52770.15924776885,7,Bachelor,42.59573561480221,Standard
25,65285.043972180465,0,High School,39.542997689032205,Basic
41,50215.963296194,4,PhD,32.35008051243872,Basic
28,67638.59820766479,2,High School,60.28628924269873,Basic
68,20000.0,0,Master,49.58476527604755,Premium
34,35040.600203470196,3,High School,29.035975138485988,Standard
25,20000.0,39,High School,48.3823687957114,Basic
52,89940.16313685892,34,Bachelor,52.444980760210576,Premium
52,89679.84255369869,31,High School,41.32020922617557,Basic
50,62532.321350659695,33,PhD,43.61442036947325,Basic
76,29747.63858173937,24,PhD,43.383466669215906,Basic
22,97797.56544436648,9,Master,20.0,Basic
59,37911.71043736576,20,PhD,38.13130403149601,Basic
56,45735.85746189672,38,Bachelor,37.61087158015971,Premium
75,53190.66811461445,26,Master,54.301556365598785,Standard
58,59030.31884037939,26,PhD,43.33727863561873,Standard
45,62876.052034086366,1,Bachelor,37.02389037883305,Standard
24,63679.23274948902,12,PhD,39.09875259008989,Standard
26,47109.51829292191,8,PhD,50.233855816274016,Premium
25,63362.019035134246,35,High School,38.15415336754685,Premium
29,46215.846810086456,21,PhD,33.018044669083906,Premium
51,61586.06873744441,25,PhD,37.24297807079134,Basic
50,59945.8355566155,11,Bachelor,49.40696143822682,Basic
65,65256.94581596242,16,Bachelor,44.961649055979365,Basic
72,62759.33398041931,13,High School,40.44267973349114,Standard
40,41151.352501774054,13,PhD,41.915392994448304,Basic
79,59174.203431180256,33,High School,34.40257526404518,Standard
41,63067.994758297726,19,PhD,38.060505995573465,Basic
54,24177.51222102588,10,Master,33.366956782254825,Standard
52,44519.11285537941,15,Master,37.05220715700256,Basic
61,62162.27782436667,30,High School,53.46178263626625,Basic
57,84185.84989459244,5,High School,29.221281886228102,Premium
39,66498.00372257468,18,High School,33.11282333577085,Basic
44,85447.55973955191,36,Bachelor,27.457011370642483,Basic
52,42032.53219646103,3,Bachelor,25.290912428124017,Premium
18,55003.80984495286,3,Bachelor,38.13228085804708,Standard
52,66114.70599052237,19,High School,33.82390818199213,Premium
54,20000.0,9,PhD,57.61688930792192,Premium
64,80216.06436229052,23,Master,37.17153453822207,Standard
31,20000.0,34,High School,52.89396863430024,Basic
20,69938.80136556807,25,Bachelor,49.680064749406334,Standard
18,63736.635810852924,36,Bachelor,37.91045844775986,Basic
22,20000.0,37,High School,61.10135582085623,Basic
43,20000.0,20,High School,42.685339864648085,Standard
72,78649.63834905012,39,Bachelor,55.13009266003989,Premium
31,74294.44119373096,38,PhD,53.96596891581264,Standard
56,32382.727110234784,20,Bachelor,44.14647985104783,Basic
44,32362.422099118714,9,Bachelor,47.51130847805851,Standard
26,60252.099447524415,37,High School,46.24071415119476,Standard
32,49745.11699023264,3,PhD,28.557385686082917,Basic
32,71087.90431698228,19,Bachelor,40.57290354453016,Premium
43,59591.618488661734,16,Bachelor,50.74247233944661,Standard
59,81660.6158791307,6,Master,55.26186317361662,Basic
77,69401.55555827453,3,High School,32.793603281680504,Basic
30,64415.46098281155,28,Master,45.2883130181302,Standard
68,42957.50559392652,13,Master,41.50870213277535,Premium
49,41493.575316763105,2,Bachelor,38.82125935418404,Standard
56,48964.82030589398,23,High School,43.560026292250264,Premium
66,86818.86139874416,36,PhD,42.179974106661376,Premium
69,41874.505412204315,15,Bachelor,45.41407568872588,Premium
78,55210.579741480324,3,PhD,54.417167609500524,Premium
49,20000.0,23,PhD,47.841275908647006,Standard
21,63516.17460088161,33,High School,43.10591258872703,Basic
47,95143.9656218628,29,Master,58.64625056823079,Basic
54,31327.237814741504,17,High School,51.09929595880336,Basic
40,113488.84274253517,18,PhD,39.07601561396652,Basic
56,53644.81209313307,30,Bachelor,27.82879597647095,Basic
62,20000.0,18,PhD,30.121693190795344,Basic
32,42289.23520064178,18,Bachelor,49.33232448315634,Standard
60,76608.77126538166,21,Bachelor,33.696875207470185,Premium
46,89986.34412499607,23,High School,29.91944522888052,Basic
53,64361.97096503367,11,PhD,32.419146733128,Standard
30,81351.88841757935,29,Master,33.126156879093,Basic
49,26444.289170152933,37,PhD,48.50647667782251,Basic
24,36394.76825612184,30,PhD,38.43257924217724,Premium
76,20000.0,35,Master,26.276253997005945,Premium
68,37898.738480161934,18,High School,40.310448977623565,Premium
39,65238.37972871333,35,PhD,42.22266132448242,Basic
45,54253.11524766038,29,PhD,35.206631385591486,Basic
19,67356.98073326364,32,Bachelor,51.558850841927,Basic
59,31269.719650065268,17,PhD,35.79061114307716,Premium
62,32489.499463762666,27,Master,51.0833768663715,Standard
79,54092.204190498254,10,Bachelor,45.967827796749766,Basic
74,37947.04389389369,32,High School,49.26605508044407,Basic
70,76036.9833632019,16,Bachelor,29.01449159193605,Basic
23,37451.62231245046,5,Master,40.983101922381024,Standard
45,40092.21514137506,3,Master,39.47171995425231,Basic
45,58376.788277369735,19,Bachelor,25.779934750924667,Standard
61,42214.236165450144,26,High School,51.05060729802909,Basic
61,25301.11212925173,14,Bachelor,31.825991030926502,Standard
37,28012.883503358225,5,High School,33.90432171164017,Basic
47,60755.31916813911,13,Bachelor,29.86684164402274,Premium
79,22825.769708758795,10,Master,47.011863260703734,Premium
28,77943.28855097623,38,PhD,24.740702812274044,Premium
75,36192.014313965,8,PhD,46.17874800464568,Premium
72,62324.31633936122,25,High School,50.44513986243461,Basic
45,37391.74751940732,15,High School,45.37178427625761,Premium
42,31695.172400072697,4,High School,47.12628483846429,Standard
56,54922.07364580364,9,Master,47.59546469578043,Premium
79,71035.66934031801,2,Bachelor,30.50575673274236,Premium
50,45052.64498279791,12,Master,54.34734979664344,Premium
18,48690.4529248508,29,PhD,35.39923745866501,Basic
74,66148.34722165602,5,High School,39.336123824100284,Premium
44,66810.54500503113,16,Bachelor,36.67362681649041,Standard
79,49230.16559960518,18,PhD,44.9154212087731,Premium
74,41130.40215029422,34,PhD,34.61962756862577,Premium
69,51653.11918890064,25,PhD,40.669157242373686,Premium
30,46181.77017223314,4,Master,27.64656182853995,Standard
58,56259.483036337035,28,High School,51.64665208501572,Premium
20,26114.591463084947,36,PhD,46.70740945950203,Standard
56,55543.63158717493,19,High School,37.077402380982306,Standard
23,35633.93167658502,20,Master,35.3085096997419,Premium
25,68117.75222981005,9,PhD,46.44628246317697,Standard
44,36550.64301258969,4,Master,32.927066193640385,Basic
26,36897.80465618136,35,Master,41.25365315765169,Premium
79,58907.97648823481,5,High School,51.61398787431406,Premium
54,50284.23777632394,25,PhD,31.887428808628076,Standard
50,95533.03252797676,3,Master,43.68600829120203,Standard
68,20000.0,38,PhD,43.157252669354925,Premium
59,52197.05893909489,38,High School,39.02663181337317,Basic
61,72592.98969944741,34,Master,34.962104158960635,Standard
41,38433.72154145398,0,High School,52.14797056894385,Standard
32,31788.8431052024,23,PhD,34.02431364233034,Basic
76,32582.70704707343,35,PhD,21.8796109887038,Basic
71,20000.0,5,High School,46.405335916310335,Premium
49,76994.0925462139,30,Bachelor,27.98696650232166,Basic
49,43407.65316387184,19,Master,46.91881144855087,Premium
41,41039.45720399539,23,PhD,53.34903247843444,Basic
58,20000.0,24,PhD,46.29749878398674,Standard
69,21325.828550762304,35,Master,50.71411301887491,Premium
66,79307.79511038188,20,High School,60.200491069296476,Premium
79,56062.11332201157,29,High School,49.66760462608947,Premium
66,73330.01659850212,23,High School,43.305733926254355,Basic
75,70799.8487965966,29,Bachelor,56.339481835236484,Standard
69,29987.59438854119,21,Bachelor,57.54775544846585,Premium
29,98596.95457307938,27,PhD,57.6877178325942,Premium
79,88994.6519120246,6,High School,35.078564848039974,Premium
56,38724.6711575393,34,Master,26.459816415015958,Premium
19,20000.0,27,PhD,34.468078165651136,Standard
20,42869.35820111847,13,Master,47.036416157931754,Basic
66,54765.92524242897,9,PhD,41.591589453321056,Standard
54,38645.61930448619,15,Bachelor,37.93519014823153,Premium
66,45569.55806630566,15,PhD,45.60481398804936,Standard
73,33426.83927324411,30,Bachelor,25.291949183267327,Premium
34,68432.69436707695,24,PhD,41.41169298691541,Basic
76,51272.664807371104,12,High School,51.184576448478765,Basic
66,69030.28125885908,5,Master,45.49315644558229,Basic
19,74444.06692415875,8,High School,46.918098218337285,Premium
19,20000.0,35,PhD,55.973727899525144,Standard
45,34589.55578331794,19,PhD,39.338567151263334,Basic
71,37519.41412718913,17,PhD,33.469083386496635,Premium
40,101427.44719377566,20,Bachelor,51.89515042665042,Premium
54,52980.107338006484,3,Master,51.71120631033927,Standard
49,66251.21192726129,32,Master,45.58291674755797,Basic
50,20000.0,26,PhD,38.39628999417552,Premium
18,52864.30904995043,6,PhD,40.01379651007985,Standard
36,69565.85964232514,5,Bachelor,27.232270478689134,Basic
79,67239.30170120312,14,High School,51.12946530207203,Standard
19,62467.98877832703,17,High School,50.776513095291435,Standard
70,50260.01012990251,31,Master,26.88317249533216,Premium
61,51231.37241250902,10,Bachelor,48.67632083906136,Premium
43,20000.0,19,PhD,44.041016550090085,Premium
49,31989.342296257128,23,Master,29.780258896092036,Standard
23,54618.87912776327,14,Bachelor,27.939997989275305,Premium
49,35680.48386147589,6,High School,43.734932694017225,Standard
72,63776.764940655696,20,Bachelor,36.02295886093082,Standard
21,59335.651005297244,25,High School,58.1994885054967,Premium
72,77347.40509443988,13,Bachelor,49.52598394648906,Basic
28,69165.07652305142,36,Master,44.73693136732227,Basic
73,54545.22818269136,20,High School,45.23079004002395,Basic
76,64959.608681238315,17,Master,53.30867180367167,Standard
34,70102.04324599312,4,Master,48.46518091727338,Standard
55,39851.25428184035,2,High School,44.997664384960224,Standard
41,43413.38003360396,22,High School,30.1973882370249,Premium
22,48063.47925213179,25,PhD,70.61946965406219,Standard
69,40489.38911671301,36,PhD,28.96817242691767,Premium
51,70313.73890126968,23,PhD,36.87457262899836,Premium
23,37453.78916645392,18,Master,23.452717235900025,Basic
39,75033.02942799649,24,Master,45.38798158769262,Basic
28,42660.53602239235,20,PhD,41.511104372848074,Basic
65,59447.93285678716,11,Master,47.6527643836476,Premium
33,53328.302975257764,32,Master,22.60934368895566,Premium
50,30480.403834166664,3,High School,51.129056673809316,Premium
26,49602.20541018419,6,High School,31.925645985303852,Standard
77,56672.870629011944,21,Master,38.50994800636135,Premium
76,48714.14625779004,32,PhD,49.31571268681064,Basic
23,23145.868829874318,16,Bachelor,42.612666841319,Basic
33,84028.58487052342,23,PhD,43.31942556666864,Premium
46,51753.98965723472,33,Bachelor,47.99178819905399,Premium
20,34113.948496729565,27,PhD,44.28790639938724,Basic
37,82415.36046934548,38,High School,36.588920974512824,Premium
77,62347.7961944065,21,Master,38.33530871764771,Basic
76,25996.600071967816,16,Master,42.11878678651823,Standard
53,29110.10507200243,33,High School,31.044439064536654,Basic
36,45552.10560224315,5,Bachelor,49.9600865938867,Standard
43,55946.13957699645,5,Bachelor,42.88653930807484,Premium
20,62455.99662927844,33,Bachelor,40.74776267921968,Premium
36,69003.56959057135,0,High School,51.92496559031471,Standard
37,60791.448128002856,9,Bachelor,38.7988635678863,Premium
49,76934.91957281991,20,High School,38.17579002847583,Standard
24,52535.863193609395,4,PhD,35.15371235996036,Premium
69,34807.212390435554,1,PhD,43.43067008925935,Basic
58,49932.98260682053,21,High School,43.084501083315146,Premium
50,48620.38679308416,1,Master,33.337157994900934,Basic
57,20000.0,9,PhD,38.223060228866,Basic
56,38772.66281808683,33,Bachelor,33.40397731480767,Standard
35,56284.07465900901,15,High School,32.9513154618451,Premium
57,41515.68869576428,38,Bachelor,22.70102168273153,Standard
18,37075.812763540016,21,Bachelor,37.69089746318445,Premium
28,68227.52391609128,11,Master,22.977867339199886,Basic
45,31669.08350449121,23,Bachelor,35.37184313660489,Basic
74,64232.45300941646,39,Master,33.87305354122392,Premium
42,23345.110584234306,37,PhD,50.51895057265604,Premium
67,105215.23871452367,9,High School,29.85065193690358,Standard
40,45686.289461974855,34,Bachelor,32.38813615185524,Premium
48,43534.694214078874,31,High School,36.18475860808427,Premium
47,72861.31805779837,6,Bachelor,34.19856348497224,Premium
59,41625.90318387102,20,High School,53.69254797421876,Standard
52,79098.55616651333,19,Bachelor,28.614326269503806,Premium
24,57431.87660973053,25,Bachelor,36.20595501014158,Basic
77,47632.04198907541,3,Bachelor,43.32065249164407,Standard
33,45499.88193259249,21,Bachelor,48.811833430420066,Standard
43,74151.84340860523,14,Bachelor,36.197584440697966,Basic
65,54609.74429207006,39,Bachelor,20.819003994962074,Basic
74,58646.1746238154,20,Bachelor,38.49895778414495,Basic
69,60820.037452072575,14,Bachelor,53.52028476180715,Premium
77,52658.72370445382,21,Bachelor,42.82187407430427,Basic
66,60397.444526999665,27,High School,42.36417862359933,Premium
19,47633.53154638019,13,Master,29.369820084230035,Standard
18,49003.82736346848,26,Bachelor,28.343284097113354,Standard
65,27617.70143946583,39,Master,40.180416486340995,Basic
79,55955.205018367946,27,Bachelor,25.73621077718592,Premium
29,20000.0,25,Bachelor,47.8136222236251,Basic
22,55671.16141221826,1,High School,31.533537511336377,Basic
54,44387.67967670371,24,PhD,39.75342719268506,Premium
49,57491.70218901956,2,PhD,21.14233081245758,Basic
76,29023.433318366482,7,High School,36.061981315564935,Standard
72,20000.0,32,Master,28.14139452869797,Basic
26,42982.69386052921,34,PhD,20.0,Premium
58,29081.746622858034,5,High School,45.41842089336318,Premium
52,20000.0,38,High School,56.411595390915735,Standard
36,65359.6653938914,22,PhD,51.294735893439466,Premium
65,82024.76454284081,24,Master,46.816906899038045,Premium
33,34060.971284508996,18,High School,35.85878832054454,Standard
20,48484.58345557093,4,Bachelor,48.05890228547826,Basic
37,43844.287666403754,10,Master,52.23853198573728,Standard
41,36822.03156047594,11,Master,41.36821829671293,Basic
71,63274.744277760416,9,PhD,28.156398276879774,Standard
73,70202.82920857237,7,PhD,35.00615701408629,Basic
50,32627.856214687916,23,Bachelor,57.026964883479366,Standard
41,50895.33734189807,27,High School,39.25255831849834,Basic
69,75690.66067867789,35,PhD,20.0,Standard
28,63780.724064299444,36,PhD,25.310765363298064,Basic
66,66753.94876800977,20,Master,35.75551296857519,Standard
25,77359.70614884829,7,PhD,50.358252384175685,Premium
53,77096.903447465,8,PhD,37.26877647593088,Basic
55,70572.85260606132,14,PhD,50.5443165497326,Standard
57,52898.74829562361,39,PhD,34.73837646452511,Basic
37,42350.33965083816,17,Master,20.35707477764387,Basic
79,52069.555306263705,19,Bachelor,35.08438841401915,Standard
52,39311.86627953263,5,Bachelor,43.44945001546285,Basic
65,20000.0,11,High School,42.619503493413134,Standard
79,44410.018683999195,1,PhD,27.448922507433643,Premium
42,57150.524876744406,6,Master,36.48803798196235,Basic
52,38254.61164467642,15,High School,66.84674238064073,Premium
42,46144.40425522784,2,High School,27.667311737031234,Basic
46,46919.265680665354,2,Bachelor,46.607233944637485,Basic
35,77137.13548437777,26,Master,20.0,Basic
63,42811.254519501956,39,Master,48.63791824569662,Standard
35,77132.66764366909,37,Master,31.076746098115535,Premium
19,20000.0,32,Bachelor,44.0208825820294,Basic
71,76957.11562658072,27,Bachelor,27.08474398231799,Standard
52,75948.12229725248,0,Bachelor,42.908528001767074,Basic
33,68045.09346778384,7,Bachelor,30.913497042585618,Standard
78,20000.0,36,Bachelor,32.849518170333745,Basic
58,70377.73990444961,31,PhD,44.41986006395031,Premium
53,48997.61648649499,36,PhD,35.696145236029835,Premium
50,20000.0,3,Master,43.80381448216311,Basic
21,75963.55415669392,29,High School,38.091586813566494,Standard
50,78883.46157097936,5,Master,40.67493681247275,Basic
31,20000.0,18,High School,44.45086471353402,Standard
38,53508.42150600226,31,Bachelor,36.49981545408859,Basic
65,77771.82242888365,8,High School,30.03950213998226,Standard
37,74603.22626914294,11,Master,34.6768773407021,Premium
73,66721.22102319048,10,Master,51.951391798334356,Basic
25,20000.0,15,High School,41.1617308407655,Premium
24,64590.85533271628,0,PhD,31.55101546589526,Premium
20,45637.92203252114,20,Bachelor,44.01560608387719,Basic
34,69917.15057436988,29,Bachelor,44.68315584939138,Basic
50,55123.229168676495,12,Master,45.19999075797811,Standard
65,49602.3677942227,33,PhD,30.221627996287143,Standard
29,62818.07698818472,3,High School,33.17609005714105,Premium
76,46561.73257856484,27,Bachelor,33.231707836129885,Standard
68,49514.45440216116,37,PhD,36.393520879338084,Standard
39,38895.52001742476,30,Bachelor,45.389191851437346,Basic
72,20000.0,26,PhD,42.961848047310134,Standard
39,61357.06947542543,4,PhD,43.75216957157163,Premium
63,33879.3936065886,24,Master,53.54019142371523,Standard
47,45984.16267918532,2,Bachelor,46.8889093249163,Premium
55,55739.479169078666,32,High School,38.58198375003913,Basic
55,20000.0,3,Master,28.161148239475004,Premium
62,20000.0,24,Master,32.854529915291295,Standard
68,44005.22846781594,19,High School,37.38294932321773,Basic
71,59091.26964599312,33,Master,48.291298273361136,Standard
25,64880.76541298322,25,PhD,39.72668065893907,Basic
44,20000.0,4,PhD,33.43804045111557,Basic
44,62732.629688256304,34,Bachelor,32.67107114272774,Standard
51,45098.60763367327,27,Bachelor,39.30421791078774,Standard
38,32336.855098070457,28,High School,48.899875622170995,Basic
47,37028.962878812585,8,Bachelor,55.91019305775117,Basic
50,66037.14664080333,37,PhD,37.942314019703325,Standard
45,55480.11570171143,5,High School,39.55256819237402,Premium
64,51006.13045510641,18,High School,27.86058293842617,Standard
50,54869.914776157995,10,Bachelor,59.39192569099466,Basic
22,68561.95553232387,1,PhD,25.98997161843916,Standard
77,48058.00865193354,8,High School,51.716623117805504,Premium
78,51086.37772908473,20,PhD,36.3466404698753,Standard
65,72763.4148027561,23,PhD,34.00633506159681,Basic
36,43368.26751473683,33,PhD,28.899964281140733,Standard
21,62362.81190561363,21,Bachelor,64.10048649407133,Basic
52,39925.91038653717,2,Master,42.21491623278394,Basic
66,41682.65317176431,11,Master,40.21280437104063,Standard
34,47919.004864007264,27,High School,48.86732359554543,Basic
61,60305.45705973531,29,PhD,33.49167274370037,Basic
45,73883.63925102138,25,Bachelor,40.018459552310055,Premium
47,51930.9052707755,20,PhD,40.56336286812121,Premium
46,20003.261773529113,27,PhD,34.87854267651867,Premium
63,62628.92587067875,25,Bachelor,51.99638079185914,Premium
70,99076.84348291418,32,Master,37.81345588504096,Basic
23,52173.37662134701,20,PhD,24.468679466311706,Standard
52,20000.0,34,PhD,36.98502636479126,Basic
77,53393.05778941703,33,Master,42.49178671713897,Basic
58,49939.74793632321,17,Bachelor,31.065067661123916,Basic
54,48257.82313275221,10,High School,31.85405206829561,Standard
41,68908.19799954265,22,Master,34.537409618739595,Premium
46,77565.49572671448,21,High School,52.21235660066961,Basic
66,63671.71490402166,16,High School,35.12841977354294,Basic
63,47338.83830657863,4,Master,54.29117018551031,Premium
70,72513.57568739259,10,PhD,33.850495618516646,Basic
48,20123.407175715187,29,High School,43.25014136256542,Standard
52,35678.87758532011,14,High School,35.53757325780249,Basic
77,37907.444427965405,26,Bachelor,47.54083170290472,Basic
50,49380.98704136131,34,PhD,28.817258454347208,Premium
69,60134.69324973675,32,High School,47.42859479577231,Basic
78,45985.74103325432,19,Bachelor,41.13869400309684,Basic
38,31879.284109954504,15,PhD,33.60008183222551,Standard
49,69497.0056939226,33,Master,38.33778515289849,Premium
40,45290.86555590612,1,Master,55.33854941032175,Premium
50,52042.57841742067,34,Bachelor,41.37844504880783,Standard
20,61021.35490951816,39,Master,32.97271984087361,Basic
35,50777.55215845894,27,High School,27.95306717171887,Premium
42,50865.433894885806,38,PhD,45.054042734309974,Premium
59,70609.4684087166,5,High School,41.958452470106856,Basic
48,53027.38949140753,8,High School,46.95020695088223,Basic
71,67255.93971580979,19,Master,25.377752603101577,Premium
75,60893.34888636779,0,High School,28.277395471085,Basic
20,90337.75088373832,7,Master,51.468791992518995,Premium
57,58188.26835738261,22,PhD,43.3134164677934,Basic
63,62759.46540301546,2,PhD,45.33400851237562,Basic
41,72033.13427992736,3,High School,30.373129678920467,Standard
67,51272.355199003396,24,Bachelor,30.190128016710815,Basic
49,37242.93806541118,37,Master,49.912586581920884,Standard
64,40517.08837753086,14,Master,50.38377654765149,Basic
39,40709.86148995024,20,High School,29.116805129709462,Premium
40,30993.380636065634,34,Master,27.20629504147155,Premium
19,56356.10338403768,13,Master,38.91407029287556,Basic
44,37409.66903901832,35,Bachelor,32.00651546623994,Basic
59,53897.05642403694,11,Bachelor,31.798231209539743,Premium
19,46826.51112578728,16,High School,27.486217535726073,Basic
43,49167.5701341497,38,Bachelor,35.31566151719633,Standard
34,61121.132956577116,8,High School,28.45305257367134,Standard
57,39162.017512229046,34,PhD,29.045990969907635,Standard
50,62777.820918735466,12,High School,42.983918465663045,Standard
26,81346.15733277904,14,PhD,39.448017657126236,Standard
60,56862.181659035174,17,High School,44.84878681532132,Basic
71,34358.08629455062,32,Master,23.509665646506935,Basic
65,37699.63977320408,5,Bachelor,40.09880609829763,Standard
56,45034.74198429769,26,PhD,60.756375421658376,Basic
46,38102.194058608686,22,High School,36.27727515714401,Basic
59,30176.393807799006,26,Bachelor,48.24749006572298,Standard
72,53088.14553923384,33,High School,48.16006848774423,Basic
43,45576.05336548402,37,Bachelor,48.651986080012755,Basic
52,53794.417671161165,13,Bachelor,41.66661687057323,Basic
67,73727.74824430575,35,High School,45.66085982744214,Standard
42,45272.943321512816,7,PhD,46.99013620013005,Basic
41,26291.599906393778,34,PhD,46.35446028314358,Premium
30,42022.150154928975,18,Master,28.825818264866037,Premium
77,65408.504342332846,29,Bachelor,22.926155174560133,Standard
75,63535.4054143391,13,Master,24.46416456585193,Premium
24,60372.79295227134,19,Master,37.298400076173365,Standard
74,37505.865536757934,24,High School,45.939267344226444,Premium
53,65038.052360653965,39,High School,28.955887224884155,Premium
62,69537.98156074132,23,High School,49.23970458584404,Premium
37,36091.56740220048,13,Bachelor,34.977248254921136,Standard
18,49168.59804914951,25,High School,35.07244788805921,Standard
25,90408.03927364224,37,High School,31.638930041204,Basic
63,35202.51447073225,22,Bachelor,21.15213640983726,Standard
33,20000.0,21,Bachelor,42.29314128434647,Premium
31,77658.08868929598,18,PhD,57.126677128385694,Premium
29,72732.0954340912,2,High School,39.37335476467437,Standard
68,40860.6535284515,18,High School,21.493683583051475,Standard
40,47740.16436263827,8,High School,47.80342811616446,Standard
32,25501.298996220954,27,PhD,23.752020098970107,Basic
45,51779.04545219404,19,High School,27.909656030108145,Premium
51,73318.27430742802,6,PhD,37.616618276864294,Basic
19,39147.90316483444,13,Master,41.22843438540198,Basic
49,67542.03957572585,8,PhD,29.913359988331717,Premium
40,59274.47714780864,18,Master,37.22683943434019,Premium
39,61556.33781762279,13,High School,47.15162400760685,Standard
68,40313.81638827264,37,Master,48.521788848080185,Standard
42,42907.51634133011,35,PhD,52.514564218142645,Basic
75,20000.0,39,Bachelor,59.09418652293493,Standard
79,38666.611749797885,16,Master,48.09889321661117,Standard
78,73269.70916062518,29,Master,37.83263485595759,Premium
39,31413.35611795453,8,High School,48.593137911229725,Premium
75,34393.9669228619,32,PhD,44.66716234005182,Standard
75,62803.79647414248,24,Master,45.06366977526255,Premium
39,58055.36583986187,13,Master,41.772187850716854,Standard
66,63797.26499592601,10,Master,30.879458978460935,Premium
69,26735.589198191923,34,Master,29.719035921780698,Premium
59,101281.15898600692,13,Bachelor,39.02881798924857,Premium
23,25684.932516654993,29,PhD,41.48910075846372,Premium
32,53084.94627468136,3,High School,33.20559077068287,Standard
71,46826.89008262827,3,High School,44.23341948608575,Basic
60,26267.16965269905,27,Bachelor,60.8076590403919,Premium
77,42595.811543735006,7,PhD,22.556692807217424,Standard
54,50466.152017717395,1,Master,45.82244477563761,Standard
50,37000.5357627306,21,Bachelor,39.3402537910919,Premium
25,68744.47243069699,15,PhD,44.506555553346544,Basic
70,46767.485090750575,28,Master,35.69285299539709,Premium
77,23174.506579634268,29,Bachelor,38.53940114952833,Standard
61,21477.48934661406,11,PhD,41.29500451008099,Basic
61,62123.301812229125,34,High School,36.983661164647394,Standard
22,20264.584345993277,10,High School,24.794586826301014,Premium
56,56328.521460981676,20,PhD,37.66084969355547,Basic
21,58893.10371333918,20,High School,25.83566371803806,Standard
23,30092.89272151966,4,PhD,46.531931105803096,Standard
62,67814.76167549781,19,Master,21.344548989218776,Standard
49,20000.0,36,PhD,50.286543794558895,Premium
69,55929.17867997117,2,Master,44.2956300020348,Basic
47,49182.84132807983,32,Bachelor,44.333886157338945,Premium
64,47620.040485382124,8,PhD,20.0,Premium
52,26442.067140388546,8,Bachelor,36.71400561908444,Premium
72,31259.559912001485,3,High School,51.5356342865986,Basic
57,82376.04050041195,34,Master,34.81392020969705,Premium
69,74303.10017743507,16,PhD,29.219378500362858,Premium
33,64841.69177047597,33,Bachelor,33.63329904994288,Premium
30,68796.96207059376,23,Master,39.31722377360662,Premium
67,66920.27089342538,31,Master,31.48629549687189,Standard
77,43532.875754275825,0,High School,52.33817232089294,Premium
59,50952.07103628702,7,High School,39.353324700096074,Standard
47,20549.832439179823,22,Master,34.44430652052072,Premium
36,48206.08746384948,39,Master,26.986564731644208,Basic
34,73668.28499078374,11,PhD,44.84446605278938,Standard
73,36785.85503485729,11,Master,44.61666294711363,Standard
36,70462.82409374452,14,PhD,32.07791093815308,Standard
45,51831.71477387526,18,Master,20.0,Standard
75,22292.562686605354,25,High School,44.10762189575884,Basic
72,27853.60973307377,28,PhD,38.131966087389976,Premium
43,68386.0573941551,21,Bachelor,43.36071167925669,Standard
54,61050.481705167695,39,High School,59.57174533639638,Basic
43,52035.28145975251,20,PhD,39.7316815629094,Standard
70,44519.36371504109,37,PhD,34.861613831572285,Premium
79,54211.35955257171,19,Bachelor,28.526780323516597,Standard
40,67605.92498506498,28,PhD,36.87578208504951,Basic
26,79517.0656097457,3,Master,41.60577349615641,Premium
29,80473.68398881209,6,Bachelor,40.5330742059876,Basic
70,57439.19801516996,27,High School,57.23465340067103,Premium
18,46561.36619270959,27,High School,44.99085565465943,Premium
75,52924.960156377114,3,Master,38.6519912849279,Premium
75,60442.40714510159,21,High School,32.93439421166527,Standard
18,60361.33887690183,11,PhD,42.666727637833205,Basic
64,76159.7327428021,2,PhD,30.929918416173408,Basic
51,92315.1144383331,21,Master,41.79831079537907,Basic
49,45894.907407718274,1,High School,44.874139269048435,Premium
79,93117.69817648924,23,High School,37.83547777228552,Standard
71,73444.78493516787,33,Master,33.69713555934858,Premium
65,47983.54019629584,26,Bachelor,20.0,Basic
42,79971.2967773016,0,High School,51.438367264203904,Standard
57,83712.96602838329,7,Bachelor,44.03300390245282,Standard
62,40794.09111612306,22,High School,44.27617281584782,Standard
70,84644.30504971296,37,High School,24.386476642227002,Basic
18,71501.65642071927,5,High School,53.79838699740057,Standard
33,97371.18255958383,21,High School,35.3478313338192,Standard
78,41519.22836001002,24,PhD,37.112046973005135,Premium
56,42931.46512528008,17,Bachelor,29.30713144581175,Premium
22,20000.0,16,Bachelor,22.13054268660152,Standard
39,61423.87841135924,11,High School,51.57346311723567,Standard
46,57505.025112374366,5,High School,52.865973693976244,Premium
72,38740.126569286665,25,Bachelor,38.344718486466725,Premium
20,48362.98537023884,26,PhD,33.2061543019365,Premium
29,23775.579796497695,7,Master,36.22955830865742,Basic
43,73968.89905663372,18,Master,36.5038500996445,Basic
33,40206.0105094338,0,Bachelor,28.001402778204017,Premium
68,111880.98031241902,28,High School,37.0774478455616,Standard
54,46487.97398577935,34,High School,41.53101992934325,Premium
39,34807.623179033806,39,PhD,50.18157247648752,Basic
74,41753.73762530276,13,Master,40.14244164013712,Standard
46,21760.780469114972,34,PhD,24.23648291100564,Basic
31,59645.437814058845,19,Master,43.53547863198676,Standard
45,41602.006004417555,12,Bachelor,37.440694383302464,Basic
22,72625.05580795475,37,Master,53.704096939838664,Standard
64,44505.05009651165,7,PhD,54.29457802044008,Standard
66,77688.84223371293,19,PhD,54.644543122673,Standard
47,65149.11498634082,32,PhD,34.384120646267206,Standard
63,50571.93553436688,25,Bachelor,59.89855073337557,Basic
79,81604.65174701643,38,Master,43.50942504895707,Basic
69,69045.86922074419,20,Master,56.263804056686325,Standard
22,108924.2565332645,8,PhD,34.973803861682406,Standard
29,41810.89510043591,23,Master,37.01403262390374,Basic
33,51532.32210916921,36,High School,42.740273526720856,Standard
43,81374.1802202186,16,High School,41.5187760961394,Standard
43,20000.0,23,High School,52.5481194346917,Standard
65,76338.87126465124,20,Master,37.67870681451546,Premium
38,58786.055153629415,38,Bachelor,51.64614990310356,Standard
56,32235.784891055042,38,Bachelor,47.32234507132653,Premium
53,22739.20682897757,12,Bachelor,37.86607781392851,Standard
50,36550.21053739432,10,Bachelor,46.546766174823134,Basic
79,20000.0,18,High School,35.26734953166951,Premium
47,40209.211126169925,10,High School,63.50205800005722,Premium
54,62451.12666685163,12,PhD,20.0,Standard
40,40473.987180623444,0,Master,46.72943204495039,Standard
75,77766.25402867617,39,Master,22.35404090722953,Premium
27,83198.95205450576,18,Bachelor,37.74343296781932,Basic
71,75512.88965251549,11,High School,39.14391910528754,Basic
22,54612.8182052873,7,Bachelor,55.07633558913684,Standard
53,20000.0,7,PhD,33.078477879231095,Basic
51,35926.050159347884,11,Master,53.08011915661778,Basic
69,47159.22946451226,32,Master,28.211833597752033,Standard
48,32122.647009903783,25,Bachelor,53.46669723754866,Basic
27,47209.890490268575,38,PhD,35.25654558096527,Standard
75,82201.34937386759,27,Master,40.73434519241119,Premium
36,20000.0,4,PhD,36.63621336889596,Standard
75,86233.84112238053,7,PhD,52.82363474115604,Premium
49,67694.52843508274,24,Bachelor,50.87739843233747,Premium
18,55364.33616555391,26,High School,44.43501720584525,Basic
73,35727.66888518473,22,Bachelor,28.48131615413226,Basic
22,32520.99309017149,29,High School,32.84978131969757,Basic
62,20000.0,22,PhD,29.714234744938747,Standard
21,84335.30960628774,19,High School,20.0,Basic
33,80752.23120148083,17,PhD,52.61318101850046,Premium
41,21874.307428334356,17,Master,36.72176473657303,Basic
33,38947.440101875975,1,Master,36.61506035707703,Basic
72,58662.89538463817,3,Master,54.9610223342556,Standard
19,44009.81723655584,29,Bachelor,35.24011397613632,Standard
66,20000.0,32,Bachelor,31.595290643140693,Premium
45,36844.54478888623,35,PhD,37.752543794850155,Standard
49,89020.68596040038,17,Master,28.673309481231037,Basic
44,38200.42819171112,36,Bachelor,43.443557692879565,Standard
37,46730.65326595586,18,Master,36.2633792173583,Premium
41,27096.451519292386,27,Bachelor,34.927285894061875,Basic
29,61755.25970567496,39,High School,34.06096827979698,Premium
67,52303.03598049167,19,High School,38.93778506157989,Standard
52,35159.60516886043,32,Master,40.83481125519851,Standard
77,23906.8920838515,11,PhD,34.800249115924785,Premium
50,78090.86748021751,14,Bachelor,36.41234063904853,Basic
50,20000.0,38,Bachelor,39.184771731806514,Standard
78,60076.3139117911,1,High School,38.17581864460461,Standard
68,20000.0,28,High School,40.31075966875014,Basic
60,64144.23366024765,9,PhD,33.23329196751986,Standard
54,69405.97774520122,1,PhD,50.0459290912649,Premium
29,71895.67423279826,10,PhD,40.968281774095175,Standard
20,46775.830628602635,12,Master,34.96153247175123,Standard
18,81680.07211127391,9,High School,43.44384217378535,Basic
50,96155.83389992136,13,Master,39.256314011812854,Premium
57,43567.53727908074,17,High School,22.661736455163318,Basic
27,40979.899397401445,8,High School,43.409526902216264,Standard
60,52983.545206898714,38,Bachelor,29.80493797615813,Standard
61,40446.39708211586,27,High School,49.344277832313075,Basic
46,37522.596079797586,2,High School,37.58250361106553,Basic
30,39265.229195169806,19,Master,47.80070297391064,Basic
29,84315.1201601249,5,High School,33.69781446802393,Premium
48,65437.639900708644,26,Master,40.6992926714064,Standard
63,40381.077454838174,1,PhD,52.10243500506876,Basic
19,20000.0,28,High School,37.30983453585178,Standard
78,20000.0,37,High School,34.09182901264195,Premium
68,60068.58165203755,2,Master,46.550406137817895,Premium
67,20000.0,15,PhD,46.356615967509605,Premium
52,55859.870549039115,29,Bachelor,34.51250866585181,Premium
40,28688.72550269949,39,PhD,20.14538979582238,Standard
34,51836.11549161347,1,Master,33.89977022501644,Premium
43,51277.126026682854,16,PhD,46.77359521686422,Premium
25,52411.798677814215,11,Master,32.24965810576276,Basic
46,42111.56305842959,34,Master,39.890621629838044,Premium
43,41454.28748784536,0,Bachelor,33.42515062033656,Basic
27,35584.191621271224,14,High School,20.678328374739504,Premium
43,59677.8463448378,25,Master,33.24518822960072,Premium
79,66103.85349561897,36,Master,46.731320206897124,Basic
51,25620.549549277475,20,Bachelor,20.0,Premium
68,48967.43055415461,30,Master,42.52167350475575,Standard
58,53931.64146975476,24,High School,28.139307686005868,Standard
24,53675.422692460845,22,Bachelor,46.08442069474192,Premium
21,53335.392391930356,23,High School,47.143189358736535,Standard
75,41959.30379309551,37,High School,38.28052065088724,Basic
70,55580.608509250786,27,Bachelor,38.30331841218778,Premium
67,62360.5742196724,20,Master,31.936373028636986,Premium
62,52820.73311645129,17,High School,26.54416599895034,Basic
28,60118.79673067448,35,High School,56.98092906333733,Basic
46,69807.06822075014,34,High School,31.34928572828872,Basic
73,20000.0,8,High School,55.67796131196472,Premium
53,68869.27683730735,37,Bachelor,31.40499960199823,Basic
42,56848.55530442549,29,Bachelor,45.25190390337728,Basic
38,27767.493445225467,33,PhD,28.621928403463652,Standard
78,66049.41764639378,31,PhD,45.233950169020154,Standard
74,42033.58187952077,2,High School,36.74412642846878,Premium
53,44760.67127362894,2,Master,36.874838393243294,Standard
27,39846.40435068676,27,High School,46.10023169784451,Standard
54,56047.97688476449,14,Master,35.30858634920902,Basic
26,34292.93714975894,22,High School,25.718515045549026,Basic
41,68029.49259895572,39,PhD,47.61305563409452,Standard
52,47222.74825610657,10,PhD,28.540994100176718,Standard
66,42715.95033024125,31,Master,45.1651728439791,Standard
52,65057.5135522794,35,High School,49.72996545333,Premium
65,43608.864753618385,32,Master,36.24506113647782,Premium
53,68963.53650724603,23,PhD,51.82352844091784,Premium
35,69591.85901681731,38,High School,44.81783707861284,Standard
66,23303.92323562046,33,High School,33.04138579855224,Standard
56,72185.20404445849,27,Master,54.014290022660745,Premium
49,20759.280569962288,36,Bachelor,28.583281782606097,Premium
41,73431.61053765021,6,Master,36.232995700964345,Standard
40,90567.14384460478,3,PhD,37.93685196380671,Basic
79,67496.68876538263,36,PhD,46.05223701018255,Premium
49,20000.0,0,PhD,51.15433297381134,Standard
54,71271.31438772037,0,PhD,50.52791556902714,Standard
29,94922.57931872024,19,PhD,42.23748319574306,Basic
66,43939.367180039415,18,Bachelor,37.197308955364335,Standard
72,49305.9335994022,28,High School,21.740157583723697,Standard
30,26230.26556147136,9,Master,26.858541455447835,Premium
40,56241.58837639338,17,Master,57.666554892914355,Premium
42,75383.54365086259,27,PhD,21.639280124974608,Basic
52,63954.74256298908,34,Master,32.1550935675789,Basic
58,112839.33954575597,30,PhD,51.4460628205009,Standard
47,50660.540859315945,26,Bachelor,42.097132991973666,Premium
34,20000.0,10,Bachelor,49.280450710056925,Basic
66,53419.41943136438,37,High School,45.42828351270676,Basic
79,20000.0,4,Bachelor,54.69582537360886,Basic
37,39337.92150270972,7,Bachelor,42.954272865648846,Standard
65,82487.64117200424,33,High School,46.63447729151511,Premium
42,56502.672972635424,11,Master,32.757534679416594,Basic
39,53588.33625662538,37,PhD,45.863329755781365,Premium
30,86415.60753430713,0,PhD,36.03873902010771,Basic
76,44588.0021667326,30,Master,35.468941320192876,Basic
36,75236.40825868218,3,High School,48.94723514647138,Premium
66,52586.139503326805,4,Master,49.016233760593636,Premium
53,57600.94926918052,29,Bachelor,56.88442155746131,Premium
29,25653.90288273974,23,High School,56.23263185486201,Standard
78,40359.06410343567,2,High School,49.173151613587756,Basic
58,22049.63534312253,10,High School,22.795543897632875,Standard
36,48095.0984354931,3,PhD,58.27680982949696,Premium
29,57808.04687832534,25,Master,49.17967670666362,Basic
26,27799.23789817096,26,High School,32.34139909913697,Standard
24,90983.57845369646,26,High School,47.28909155562782,Basic
45,55562.12038183922,5,High School,29.627342590372717,Standard
31,51155.911711704386,14,Master,46.18630120109742,Premium
48,65393.1550269125,29,PhD,26.837299589259008,Standard
69,33421.43838268156,36,Bachelor,31.917815912133634,Basic
36,53269.549583349064,36,PhD,47.09929129200527,Basic
75,35662.67559284817,36,High School,50.72886742992894,Basic
64,81173.59820177965,34,PhD,43.2543685943381,Basic
33,28827.21301205837,22,PhD,37.13831363312029,Premium
70,51263.30918614347,5,Bachelor,20.0,Standard
22,56586.315703035514,3,Master,37.9097890034864,Premium
52,57896.51488815403,17,Master,45.334850768245275,Premium
29,38375.296538343355,8,PhD,36.83234894064353,Premium
42,32089.811957098045,28,PhD,39.774220589055815,Basic
69,38664.09653907802,12,Master,38.143825320820795,Basic
76,60566.50868420565,16,Master,36.782937821785666,Basic
38,47123.084581760726,31,Bachelor,40.758773899598125,Standard
53,65924.17616905044,21,High School,37.27305417847539,Basic
70,59540.07438790146,3,PhD,54.43289553631942,Standard
40,20000.0,4,Master,20.0,Basic
33,54949.95593674422,36,PhD,34.54157414028923,Basic
74,95009.0953563254,12,PhD,31.297437764827748,Premium
56,76505.38102076662,33,Master,42.1911060003441,Premium
62,58440.26321413937,21,Bachelor,40.771447858831266,Premium
70,28812.15739060112,22,PhD,56.22193101549429,Standard
59,59551.07432251292,2,Bachelor,59.51142048297795,Standard
75,64794.99879756518,33,Master,32.26916544429519,Basic
56,44925.06638344832,31,High School,40.00500065033629,Standard
31,56334.841176088754,20,High School,41.96304416924355,Basic
48,80193.24916792082,20,PhD,32.02186251662664,Standard
75,32854.511605165484,10,Master,46.283820360376225,Standard
22,28834.00790081746,38,Bachelor,37.60492631235056,Standard
52,63853.98651988425,3,PhD,29.32365149399022,Premium
40,59150.85272396161,0,Master,37.20431695733457,Standard
46,70576.76590825623,27,Master,30.023254272593512,Premium
60,61395.87623807539,23,Bachelor,50.36646829419256,Premium
28,38644.89873651612,34,PhD,59.015592551136706,Standard
35,58643.8530293081,12,Master,42.44819373894539,Basic
64,27157.469134076528,33,Master,41.112767680532755,Basic
29,44993.625765340126,10,Master,41.52434766874186,Basic
26,60055.98461932808,35,Bachelor,51.82234028938315,Standard
27,42789.715665522206,16,PhD,51.60699003597183,Basic
75,99361.04364459653,34,PhD,38.84346431451769,Premium
61,20000.0,17,PhD,42.52589927379091,Basic
34,39050.19286002379,39,PhD,46.52646407177078,Standard
78,31244.403322601793,21,High School,28.62312543449266,Basic
55,35993.02385084093,23,High School,52.126082374204564,Premium
24,37140.03553038243,18,PhD,57.348318912272276,Standard
63,23471.586262820136,36,Bachelor,51.650321048394574,Basic
30,65054.042971452545,38,High School,27.54406088385445,Standard
57,39058.09405225798,20,Master,20.29999544581126,Standard
59,53271.46671177309,7,High School,47.087186735179316,Standard
26,41303.4847617951,27,Master,32.39810551037914,Basic
67,36182.391754275806,4,PhD,42.87133354122986,Standard
44,83445.58472173699,16,High School,55.35148720007548,Basic
75,68458.64364418815,36,Bachelor,33.4304482360159,Premium
19,20000.0,35,High School,36.2244534359104,Basic
22,20000.0,18,High School,42.76722972588316,Premium
46,70852.17671272974,26,High School,27.024903600177694,Basic
54,39602.93216902492,33,PhD,32.421438039941236,Standard
55,20000.0,10,Bachelor,40.248575037512694,Basic
36,70914.70265080682,11,High School,36.995451311822485,Standard
25,53382.4810019818,20,Bachelor,46.084077537992265,Premium
65,55031.421696646394,10,PhD,67.65979614439267,Basic
62,66190.78544011815,38,Master,40.99138339418125,Standard
18,23800.456834352128,27,High School,31.582880539619907,Premium
39,20000.0,4,Bachelor,54.182403547575646,Premium
69,81619.08589806405,16,Bachelor,24.11181524679779,Basic
34,21256.664785154153,19,PhD,26.110918289708927,Premium
24,25555.24405848872,11,High School,34.04896561352277,Standard
42,29551.29240908468,5,Master,37.171132794803746,Premium
62,91598.91847381045,16,Bachelor,33.80927263482791,Premium
21,59867.66600823045,18,High School,39.68487675576977,Standard
53,69308.1594887076,25,Master,42.74741902746345,Premium
23,53923.35091157457,31,Bachelor,50.68959535275138,Premium
77,37962.255775975325,5,Bachelor,40.911882738437825,Premium
48,62625.82566520336,35,Master,34.380537523048986,Premium
36,20000.0,37,Master,50.14645386439412,Standard
78,28094.330958070102,10,PhD,31.82284524269869,Premium
61,64659.50358522962,32,High School,23.67397254312677,Standard
71,22854.895383464398,23,High School,52.05956017904542,Premium
56,46218.370616762535,22,PhD,51.418532448109715,Premium
44,47129.75311289177,14,Bachelor,32.07701607795894,Premium
27,39426.75993325676,26,Master,36.00901146179074,Premium
43,20000.0,10,Master,30.830724546700704,Standard
36,37421.42217622615,16,Master,43.26624217565134,Standard
56,33500.632461350295,13,Bachelor,57.32049291368082,Standard
79,53228.79726575397,26,Master,47.02881798595122,Basic
20,52209.810773989375,17,Master,50.357246425830326,Premium
62,57559.229198737485,27,PhD,48.19728331691012,Premium
30,36480.27454051205,3,Bachelor,39.99880851440906,Standard
67,60455.55900931783,6,High School,50.833404379113155,Basic
45,20000.0,34,PhD,47.450305629127996,Premium
79,20000.0,8,PhD,54.39445715153136,Standard
75,20000.0,7,High School,35.404510588382436,Premium
37,40014.05520856005,16,PhD,22.618883604546134,Premium
45,34934.03551322885,16,Bachelor,50.452510148730774,Standard
25,65786.312237092,32,Master,43.497695206060584,Standard
78,37026.7482590226,31,Bachelor,37.03953899678764,Premium
58,55467.52695888534,7,High School,37.59847187692509,Premium
56,66265.93153166154,18,High School,65.54686325902117,Standard
18,36273.61848701768,37,PhD,33.57805347465729,Premium
20,55961.04420214351,2,Bachelor,31.466966931736668,Premium
30,70038.5509791039,4,Bachelor,40.85284233493352,Standard
45,25236.744503888654,12,High School,51.80490877972961,Premium
79,50497.04676489288,30,Bachelor,62.78401986529228,Premium
74,36359.31233601371,15,High School,46.57364963389571,Basic
77,26510.20235013723,31,Bachelor,27.2959125602057,Standard
66,20000.0,21,Bachelor,59.70864270717799,Basic
42,26187.02855642599,28,Bachelor,39.80531300922903,Basic
73,51200.58011504025,21,High School,31.622905681050305,Basic
50,20000.0,2,PhD,29.20607542900646,Premium
55,38985.45951822726,9,Bachelor,48.36328719335456,Premium
70,66263.88813705795,20,High School,42.38829386186414,Basic
23,58980.219268378714,15,High School,43.45075376945851,Basic
75,39389.84754123686,11,Bachelor,52.86503119071931,Basic
61,83793.80826717448,1,Bachelor,31.97845408490356,Premium
62,87860.72827823322,23,PhD,53.66154628273648,Basic
49,50522.44863079451,34,High School,34.8084267720631,Basic
62,20000.0,29,High School,61.640073739123565,Standard
78,67728.9639403252,29,Master,45.9873901599314,Standard
64,20000.0,34,High School,30.797614702236228,Premium
38,79522.92221440132,18,PhD,20.0,Standard
33,71671.69801484598,7,Master,48.089247222790114,Standard
71,85484.25008276041,25,Master,36.25819724009816,Standard
38,55205.311167354535,39,Master,38.44434305478165,Premium
28,42772.28465636324,6,Bachelor,47.66196009174107,Standard
77,40997.97732619552,29,Bachelor,50.10413826250655,Premium
54,39074.79657938206,6,High School,52.23710340669291,Basic
53,69621.37307349406,2,Master,28.251586916170634,Standard
52,64245.42979011756,0,PhD,54.25894749624589,Premium
36,52404.51266868426,35,Bachelor,34.20954663831851,Standard
37,35556.373841460554,24,PhD,20.0,Basic
74,102584.25262600546,36,PhD,28.21559653139954,Premium
35,68247.49227925739,0,Bachelor,42.18025092132565,Premium
64,20000.0,14,Bachelor,30.211857539188607,Premium
58,39674.87968125746,36,Bachelor,39.11955530823956,Basic
66,68635.52194817411,12,Bachelor,43.382524875291786,Basic
31,34009.221575346324,39,Master,38.18614596890714,Basic
32,57030.959176517776,7,Master,35.05645662143283,Premium
48,69015.92600672296,4,Master,27.49303937011774,Basic
18,20000.0,8,Master,40.219438082153324,Standard
70,47839.24600421499,0,High School,20.0,Basic
71,48624.18307130244,35,Master,33.140019582805785,Premium
71,41758.55088632421,34,Bachelor,30.72215890939239,Standard
20,56033.90269892082,1,PhD,37.60623148491085,Basic
33,63150.39214991749,39,Master,37.86670200690731,Standard
40,52841.01888649218,22,High School,49.59956674433745,Standard
74,42523.45211901136,8,Bachelor,55.834772772495995,Premium
28,62652.42599568539,33,PhD,28.8222115976303,Standard
29,50981.06818548714,13,PhD,59.9283262527003,Standard
27,45385.99173609044,3,Master,32.20704400478568,Premium
49,23754.412293221616,29,PhD,41.7252678292309,Premium
33,20000.0,30,Master,45.108629891483176,Premium
25,23375.404145718592,37,Master,64.44582752582505,Standard
55,55566.5812244043,10,Bachelor,34.57717662237336,Standard
29,48418.42504787297,34,Bachelor,22.032619870219467,Standard
41,20394.318035850734,7,High School,54.90379470192981,Premium
45,62918.35651587622,2,Bachelor,31.66626441204565,Basic
70,77486.1902635819,13,Bachelor,36.38411419424407,Standard
25,38030.12766567328,12,Master,28.822503460738247,Basic
75,20000.0,31,Bachelor,36.412962269510814,Premium
45,35817.472301961745,33,Master,31.59608463794559,Standard
53,67089.21253589388,18,Master,46.76441816494771,Basic
43,60970.59717069548,37,Bachelor,40.80791629721979,Standard
25,31551.346279770423,15,High School,33.18944839385321,Standard
75,80423.44275529483,1,High School,49.958719766589276,Standard
77,76965.60131852797,39,PhD,42.549967506745986,Basic
67,35339.87873446718,16,PhD,21.539517495559444,Premium
45,35134.199940700666,33,Bachelor,49.19703314084302,Standard
45,38143.44125241021,15,High School,41.84867883852635,Premium
54,39853.34449222908,37,Master,53.90732487591542,Premium
58,69010.76015856888,1,PhD,41.23917426342645,Basic
53,58506.58120953188,1,Master,32.08290649432405,Basic
44,67541.57538701175,25,PhD,37.95704666698163,Premium
71,63471.302863733996,12,Bachelor,48.03919330880721,Standard
34,84290.54136387464,30,High School,32.29262940299137,Basic
26,28812.28912381719,33,PhD,35.59703212892441,Standard
50,57607.17060767832,38,High School,37.78311420000933,Standard
70,20000.0,2,Master,28.50628389784127,Standard
37,23660.88851806283,7,Bachelor,32.436765753714255,Premium
30,48502.93228130306,22,High School,41.7255019180419,Standard
45,58364.13225509072,13,Bachelor,52.02477747653008,Premium
65,47963.68515940861,26,High School,43.17146984710475,Premium
46,38656.15162374644,28,Master,39.54138740630979,Standard
30,42211.64245013925,38,Master,31.68729226047689,Standard
63,77388.81952848208,38,Bachelor,50.95160411720232,Standard
52,42319.35644239719,0,Master,44.335054999468426,Standard
78,84984.83244087055,16,PhD,32.932702364807604,Premium
23,65880.34147082266,29,High School,48.986484586849,Standard
35,59150.74692296461,12,Master,45.59577061510467,Standard
68,26128.061793580087,20,PhD,31.86469650633764,Premium
22,68704.76322799255,18,Bachelor,38.986217437358,Basic
64,40124.588445030015,18,PhD,35.072272717570634,Basic
42,26111.204839886002,24,Bachelor,66.33537940031604,Premium
19,60256.872261587545,21,Bachelor,45.317448831256584,Basic
27,22241.078788669205,30,High School,41.8676205484824,Premium
73,34755.170757408356,16,High School,44.726630560767134,Standard
47,49797.68177062177,22,PhD,53.79162588197498,Standard
67,94368.42848229455,31,High School,39.166198555615345,Basic
76,36261.68488415025,9,High School,34.10090702134244,Standard
62,40835.669613988495,9,High School,48.44283228097417,Basic
22,64646.9010884329,35,PhD,38.25055433998688,Basic
72,25234.08623247908,7,Master,29.301046709194967,Standard
73,58856.12762041831,19,High School,27.353135682439415,Standard
50,74118.53615233176,31,High School,55.29296550839533,Basic
71,43858.102305777975,13,PhD,41.316445669192845,Standard
18,70523.08562793731,27,Master,34.104326160075985,Premium
35,55828.99846423612,23,High School,37.65665088957937,Standard
49,35386.36072392439,14,Bachelor,48.07444718008352,Standard
64,46043.906282069875,21,PhD,37.06594484157955,Premium
66,42404.853200395155,29,High School,25.50580270822582,Standard
